역번호,역      명,구분,계,1월,2월,3월,4월,5월,6월,7월,8월,9월,10월,11월,12월
150,서울역(1),승차,15621433,1088949,916932,988045,1185385,1400456,1349316,1367978,1352287,1366942,1529891,1523945,1551307
150,서울역(1),하차,15172442,1050145,860796,954476,1154618,1366591,1315763,1339173,1308757,1338840,1496162,1477251,1509870
151,시청(1),승차,7504202,507774,433602,503092,574976,644937,620127,641273,637264,651131,760846,756706,772474
151,시청(1),하차,7591045,508237,440144,506303,584417,658279,624554,657393,649885,659746,774765,765217,762105
152,종각,승차,11340426,830732,679190,764501,876933,1010555,969271,1006711,989714,965332,1049318,1069112,1129057
152,종각,하차,10975658,796150,656218,736862,843089,974712,940829,985824,963022,940611,1011322,1032865,1094154
153,종로3가(1),승차,8734554,656125,552205,618069,712887,799668,756197,753025,714618,748203,825391,792180,805986
153,종로3가(1),하차,7987174,601965,510518,568693,648070,720897,688964,698755,661307,680876,745106,718163,743860
154,종로5가,승차,7542481,559733,476879,551565,619601,675261,650455,644755,618256,634229,704441,681262,726044
154,종로5가,하차,7495634,552920,471706,546946,618405,675247,650869,642341,616993,635526,699701,673396,711584
155,동대문(1),승차,3891966,298111,252174,290677,326634,360280,332790,334227,312230,333518,358139,339905,353281
155,동대문(1),하차,3714567,281274,238236,274331,310264,346998,320413,319821,295307,317451,347260,325664,337548
156,신설동(1),승차,4501419,350672,300675,344731,375766,403149,380011,387239,366162,378268,404501,404900,405345
156,신설동(1),하차,4367538,338965,295113,336238,367215,393349,362789,377013,358114,365271,391245,391261,390965
157,제기동,승차,5754294,478656,366319,432792,484727,512542,484405,487718,481633,498265,526102,502783,498352
157,제기동,하차,5874024,492913,372954,442927,495137,524263,493838,496234,493439,510124,534548,510418,507229
158,청량리,승차,6766841,538777,439787,512528,567136,622601,576393,576307,563361,579768,609150,591321,589712
158,청량리,하차,6792085,544757,441801,511722,562086,620038,578300,580513,566099,585380,615455,594609,591325
159,동묘앞(1),승차,3238567,247026,206500,240709,281701,308364,272769,271762,252855,279530,314069,289194,274088
159,동묘앞(1),하차,3364816,255518,215082,252935,293582,319554,283125,280351,261286,289492,327614,301584,284693
201,시청(2),승차,7304251,533771,452316,502146,566257,629435,598906,637494,623207,613157,682232,720983,744347
201,시청(2),하차,6949333,504488,430487,477591,544967,606214,574942,613806,597267,585717,646367,690274,677213
202,을지로입구,승차,13057489,947320,771064,858242,975997,1093019,1066517,1137205,1124570,1124996,1223761,1289314,1445484
202,을지로입구,하차,13295594,952048,777615,878261,998380,1130909,1097460,1162098,1147831,1149445,1239056,1312559,1449932
203,을지로3가(2),승차,7177012,531725,434177,488777,569325,632403,610954,637680,620678,610815,655112,682651,702715
203,을지로3가(2),하차,7196631,524327,429759,486250,572628,641773,616025,642165,623713,614299,654278,682071,709343
204,을지로4가(2),승차,4107606,308488,257422,296409,325454,352194,343624,355504,352981,348080,374301,388776,404373
204,을지로4가(2),하차,4131457,303297,255759,296395,329902,356582,345655,354374,351501,348684,378284,396031,414993
205,동대문역사문화공원(2),승차,4467174,321239,269495,322836,347765,389685,378381,395419,375282,376554,436919,411692,441907
205,동대문역사문화공원(2),하차,5064508,356653,301202,363742,392191,442654,431197,449881,424713,428469,499723,469862,504221
206,신당(2),승차,4664682,356353,306037,347278,389832,418042,397669,402706,389146,394125,419439,417162,426893
206,신당(2),하차,4840389,371778,320347,358846,405707,434386,410277,414353,403278,407971,436020,431887,445539
207,상왕십리,승차,4629501,358216,305783,345670,380572,413734,395997,401718,388758,392639,408370,414235,423809
207,상왕십리,하차,4481755,350972,301970,338194,367092,396122,382075,388093,376537,377314,392178,400609,410599
208,왕십리(2),승차,5531986,407946,350744,425724,465368,517053,469521,469795,448887,472929,494625,501719,507675
208,왕십리(2),하차,4661427,346966,297295,348240,381981,429714,394834,402038,383640,388680,412337,428374,447328
209,한양대,승차,3423211,164473,144467,329785,338382,396078,283589,209253,191005,340054,344726,377779,303620
209,한양대,하차,3747475,170492,154756,364526,370373,454255,310932,221713,202956,375390,379956,414764,327362
210,뚝섬,승차,7204485,544778,461813,516841,629300,650193,614038,622337,608325,604439,640581,652198,659642
210,뚝섬,하차,7651484,576861,490712,551470,660615,692200,655608,666113,650811,644636,675777,688765,697916
211,성수,승차,11809385,916248,776313,865750,957866,1021491,976102,1037241,1007341,965907,1030284,1102538,1152304
211,성수,하차,12955534,984953,838423,946293,1057808,1138897,1076016,1138953,1105060,1073489,1134541,1207687,1253414
212,건대입구(2),승차,12322132,964256,802017,936845,1051161,1160408,1033294,1055364,1003670,1029968,1085245,1080618,1119286
212,건대입구(2),하차,13244322,1016924,851104,985481,1126670,1249058,1119393,1152266,1093327,1112307,1168635,1157188,1211969
213,구의,승차,7680088,600164,514457,580524,632355,676856,643685,659566,642340,644013,680715,693948,711465
213,구의,하차,7531252,595740,514018,574046,618142,657066,632540,645827,629963,626608,662355,678089,696858
214,강변,승차,10753329,791132,683063,734389,855031,992902,938313,962652,934858,931947,994911,960201,973930
214,강변,하차,10298779,783866,638923,699213,813771,946081,896131,926268,901206,894935,952330,917403,928652
215,잠실나루,승차,4555351,346110,291408,328730,373764,413016,392364,392695,384271,389092,406605,424129,413167
215,잠실나루,하차,4451874,337170,285017,321446,365618,402209,383206,382146,377036,380799,401382,414616,401229
216,잠실(2),승차,25095466,1851542,1514596,1641518,2187176,2210023,2060906,2246461,2123096,2067704,2414290,2239131,2539023
216,잠실(2),하차,24692572,1818865,1477610,1612184,2147958,2170807,2028396,2212989,2087236,2044618,2369384,2214810,2507715
217,잠실새내,승차,7196716,547082,461560,513558,585860,642380,611630,633669,607135,611214,647531,653603,681494
217,잠실새내,하차,7261864,550080,464873,516682,591311,647725,616580,644824,616035,619817,652642,652998,688297
218,종합운동장(2),승차,3951529,193603,162394,235911,314497,430402,401315,411013,343335,466039,419877,283035,290108
218,종합운동장(2),하차,4387440,207320,173400,252564,347397,483448,441176,452319,397422,530557,470983,311903,318951
219,삼성,승차,16829608,1277479,1064601,1149362,1279636,1431174,1451932,1586456,1474598,1393946,1468658,1552005,1699761
219,삼성,하차,16910637,1273126,1059088,1158528,1295112,1456017,1466875,1590363,1479875,1401938,1478491,1562920,1688304
220,선릉,승차,16932460,1316432,1101392,1236887,1363406,1480716,1451019,1513213,1464833,1407973,1471025,1556815,1568749
220,선릉,하차,15023791,1163713,975950,1101877,1215548,1317615,1285855,1337009,1297526,1249403,1304193,1385035,1390067
221,역삼,승차,15253065,1234014,1017029,1105511,1213427,1307004,1308785,1353385,1335098,1261724,1290667,1405959,1420462
221,역삼,하차,17120432,1352638,1120207,1235894,1366691,1491198,1473736,1520948,1494004,1425208,1462137,1592067,1585704
222,강남,승차,26203711,2205281,1825198,1958650,2158062,2346177,2214920,2392983,2225892,2105580,2191993,2231412,2347563
222,강남,하차,25697501,2149571,1776051,1927331,2166287,2364056,2182162,2333099,2152978,2051842,2136759,2176484,2280881
223,교대(2),승차,10367905,803529,682041,769329,853502,925364,892550,906270,873511,869645,896692,942415,953057
223,교대(2),하차,11736162,902146,762388,864723,962142,1054506,1012875,1025284,982996,987686,1019558,1072246,1089612
224,서초,승차,6915524,528068,442813,496398,565047,607632,586928,609962,583239,589758,607158,644630,653891
224,서초,하차,6552469,502350,424874,473278,526376,579169,559773,577848,553058,560501,569590,606009,619643
225,방배,승차,5537587,398230,334833,441268,482643,524826,471530,438191,425265,491362,503559,524296,501584
225,방배,하차,5749201,416331,350208,459718,501037,543759,489500,458127,439665,507310,519714,542912,520920
226,사당(2),승차,12911712,949651,804342,903833,1038293,1168393,1132117,1136222,1072782,1095458,1186105,1184693,1239823
226,사당(2),하차,14172941,1032181,874715,991362,1157894,1303682,1245557,1242380,1164182,1197425,1305121,1305896,1352546
227,낙성대,승차,9129132,696895,592775,688280,753169,818902,778912,796429,765868,779733,816662,819487,822020
227,낙성대,하차,8835609,677609,586050,671955,725856,789405,748376,764617,738734,753069,793355,796645,789938
228,서울대입구,승차,15633186,1224816,1046689,1214465,1318359,1415617,1311689,1340890,1289150,1305343,1378633,1386456,1401079
228,서울대입구,하차,15345437,1205414,1040368,1194557,1291861,1397809,1285144,1319764,1267303,1284864,1346344,1351190,1360819
229,봉천,승차,7805759,604771,517170,586228,642625,689586,668724,681505,664407,656795,690515,697407,706026
229,봉천,하차,7248556,568513,494273,547911,589642,629029,615690,630723,618861,608128,640751,647265,657770
230,신림,승차,20010240,1649661,1415625,1601634,1744122,1877165,1677175,1699591,1628630,1602894,1693111,1687843,1732789
230,신림,하차,19312270,1609570,1400344,1555097,1676852,1808289,1612560,1632136,1566109,1535820,1624139,1623190,1668164
231,신대방,승차,8601753,680799,584941,663638,739659,796094,731632,736068,704923,709386,752431,751583,750599
231,신대방,하차,8335505,664763,577219,648224,716381,763841,706581,711055,683590,684704,727809,726783,724555
232,구로디지털단지,승차,18487658,1461253,1233154,1378858,1507072,1631873,1576483,1612736,1559507,1544064,1629663,1666015,1686980
232,구로디지털단지,하차,18414987,1457395,1234711,1375610,1498117,1622434,1570697,1607975,1557588,1535940,1620267,1658512,1675741
233,대림(2),승차,7975594,619355,527534,594735,655165,717138,686922,688974,668193,677771,716736,714100,708971
233,대림(2),하차,8170487,638186,543741,612935,670071,731321,701346,705700,684030,694085,734752,729565,724755
234,신도림,승차,16049563,1223122,1044124,1161609,1307140,1441388,1375604,1384016,1334925,1338517,1460535,1473615,1504968
234,신도림,하차,16078701,1215029,1040056,1172064,1325963,1456051,1383906,1381249,1330414,1346679,1468097,1462313,1496880
235,문래,승차,6799537,516978,439635,503934,565426,605435,585795,596842,580146,569703,594070,616972,624601
235,문래,하차,7012021,527164,449118,516426,582057,627994,606816,617511,599311,589575,615540,637111,643398
236,영등포구청(2),승차,6916487,558172,478463,532541,575357,609244,581585,586671,572192,572974,600775,621023,627490
236,영등포구청(2),하차,7160927,572004,489372,547992,597721,635898,604864,607199,595227,594653,623525,643734,648738
237,당산,승차,5971970,452325,384685,448511,518289,555718,510327,499659,483919,503443,538156,543818,533120
237,당산,하차,6902667,517697,440238,512823,586443,636530,589608,581884,561948,588324,629075,639093,619004
238,합정(2),승차,10653559,828522,695334,777513,867575,954531,902029,935789,906430,892021,957059,948281,988475
238,합정(2),하차,11504260,859535,725253,814320,935736,1041508,981060,1024271,988158,979155,1046455,1033572,1075237
239,홍대입구,승차,20992654,1560626,1306300,1448645,1590095,1875536,1731854,1900710,1811079,1782859,1995835,1897141,2091974
239,홍대입구,하차,22357974,1589013,1334659,1499018,1708557,2014237,1868592,2042916,1943348,1927398,2150386,2037115,2242735
240,신촌,승차,11920203,862740,735633,852505,914032,1045715,982766,1055729,997465,1077274,1137906,1122685,1135753
240,신촌,하차,12074871,870854,745080,849484,925823,1063692,998589,1068373,1014872,1091148,1152515,1141200,1153241
241,이대,승차,4775211,321370,276324,345818,373795,417110,383408,389845,372240,461594,474782,497601,461324
241,이대,하차,5083135,338601,295673,367979,393104,441007,406981,413626,395222,493910,507932,537446,491654
242,아현,승차,3445870,253327,217209,258403,284532,311729,294761,298116,288028,296687,312323,316771,313984
242,아현,하차,3278502,245880,212103,249071,270915,292997,278038,280520,272510,281163,296784,300122,298399
243,충정로(2),승차,3126964,238079,205688,231475,255530,275970,263917,269411,263057,264438,277382,292431,289586
243,충정로(2),하차,3328858,250860,218550,246686,273609,294655,280961,285558,279703,281710,296235,313165,307166
244,용답,승차,1032531,73935,63612,87325,89610,95281,85438,83591,81873,91323,92887,96051,91605
244,용답,하차,1035728,74682,64776,91807,91235,95835,84598,79805,78458,91967,93148,97537,91880
245,신답,승차,553192,42143,35775,40949,45128,49613,47261,48223,46653,47032,49144,50918,50353
245,신답,하차,610489,48257,40695,46071,49780,53323,52146,53509,51673,51126,53556,55221,55132
246,신설동(2),승차,1257686,98828,83808,93235,103401,110693,106010,110289,102155,105157,115073,113310,115727
246,신설동(2),하차,1242073,101233,86099,95249,102875,109190,103366,107914,99599,101549,111013,109158,114828
247,도림천,승차,439103,34818,29643,34611,38537,38082,37146,38778,37460,36403,36203,38337,39085
247,도림천,하차,458863,36168,30681,35946,40913,39466,38357,39999,38732,38138,38277,40411,41775
248,양천구청,승차,2259855,173034,147018,166120,184568,203983,195739,192724,186330,193848,203882,207359,205250
248,양천구청,하차,2325296,182442,154105,172505,188784,206923,199178,197492,191330,197752,208007,213960,212818
249,신정네거리,승차,3397236,262762,221431,249704,279383,307792,292286,295250,282239,287304,304303,305901,308881
249,신정네거리,하차,3470616,272239,229866,258055,285242,311631,295604,299890,288558,291099,307564,313108,317760
250,용두,승차,792327,63847,52232,60615,64722,68599,65914,68059,67747,67448,68937,71431,72776
250,용두,하차,796222,65638,53777,61927,65529,68573,66087,67609,67653,67610,68369,70934,72516
309,지축,승차,1737425,112640,97399,117690,136769,152992,147306,149744,144661,152052,170065,178606,177501
309,지축,하차,1648927,109941,93849,111533,127398,140789,135989,140231,138542,144893,162124,171604,172034
310,구파발,승차,6912174,524699,446354,506119,558658,629757,592779,611553,579995,590787,624259,623285,623929
310,구파발,하차,6745466,503574,430677,491319,544535,614372,579602,599929,570833,579490,611598,607667,611870
311,연신내(3),승차,12059724,944286,812739,922891,1009937,1093774,1029113,1044644,1001552,1014430,1071167,1056473,1058718
311,연신내(3),하차,11410705,899611,776006,876936,954526,1030176,969732,983093,946481,957750,1010657,1000460,1005277
312,불광(3),승차,5395831,418526,359807,405055,445672,491605,462611,463506,444612,457122,485981,482060,479274
312,불광(3),하차,5835051,451915,390920,439137,481981,532746,497619,501410,479535,495419,528032,519109,517228
313,녹번,승차,5045010,386546,328498,378572,416959,455663,431263,431720,413738,431379,451897,462878,455897
313,녹번,하차,4523371,352932,299983,342684,373964,402515,382158,382406,371178,384780,403976,415629,411166
314,홍제,승차,5833934,436636,378501,436929,486699,535948,498763,493750,473933,500890,532706,533896,525283
314,홍제,하차,5543112,417966,364734,418558,463301,504683,468291,462977,448471,474996,505959,509064,504112
315,무악재,승차,1306724,99512,84601,95452,106971,117042,111609,112359,107675,110148,116525,121880,122950
315,무악재,하차,1326860,101530,87910,98364,111016,120121,112175,111111,107268,111957,118603,123604,123201
316,독립문,승차,2413586,173296,153835,177138,199686,226021,207391,204103,199543,209708,228246,221644,212975
316,독립문,하차,2511161,179555,159347,186935,214555,241038,216332,206841,202622,217459,239780,229533,217164
317,경복궁,승차,7781476,492422,423962,505743,618729,835554,723900,619087,583976,703177,821601,761722,691603
317,경복궁,하차,8033995,487013,422049,499359,619155,886867,775383,637924,606647,743403,871073,788478,696644
318,안국,승차,7679126,495666,415306,483860,601671,720418,663397,648211,612438,660119,821797,798197,758046
318,안국,하차,7961719,514732,431055,504806,631887,745264,677065,663799,631100,685414,857505,835729,783363
319,종로3가(3),승차,3187036,249398,215661,237987,258020,283809,271746,279729,263543,265459,281847,284780,295057
319,종로3가(3),하차,3821253,289868,250303,276931,309585,345204,328791,337790,317369,322908,343031,339940,359533
320,을지로3가(3),승차,3315284,250270,207095,231341,262927,292334,280967,288894,281979,279030,301264,312401,326782
320,을지로3가(3),하차,3346922,253470,209178,234648,270966,303918,288422,292688,281655,278597,299661,312354,321365
322,동대입구,승차,3062421,191854,169219,214380,253511,269726,250463,241411,238329,299659,318770,332268,282831
322,동대입구,하차,3379754,202457,181003,232599,282204,301186,274680,258106,257905,340435,363180,375359,310640
323,약수(3),승차,4264593,326007,279314,316379,352981,384236,364437,366102,355320,359251,385972,384262,390332
323,약수(3),하차,4128754,315200,270419,308905,345394,372210,353117,352964,342845,347806,369858,372547,377489
324,금호,승차,2637955,206255,175145,193953,216127,235102,225384,225457,217959,222999,245278,238268,236028
324,금호,하차,2454995,196360,167206,184126,201832,215804,206867,206441,201922,206395,227921,219598,220523
325,옥수,승차,3030324,230860,194617,219148,252217,279499,262050,260995,252017,262033,277280,271557,268051
325,옥수,하차,3110175,242273,204488,229228,258480,282408,267789,267047,259399,266999,280300,276870,274894
326,압구정,승차,10420261,841177,704435,752618,826053,896761,884520,920302,881606,868655,923833,935662,984639
326,압구정,하차,11185880,887756,744003,798880,885287,973227,949766,986301,943914,937830,1003636,1012620,1062660
327,신사,승차,9701690,827173,694604,750870,817092,880763,791557,826980,793601,767684,831589,838313,881464
327,신사,하차,10166650,850248,716252,778056,858245,932156,840508,876548,833201,810364,875695,875878,919499
328,잠원,승차,1595425,119531,100593,115277,131588,146664,135791,136618,133283,139679,145203,147846,143352
328,잠원,하차,1546993,117831,99607,113107,130145,140253,131108,132343,128687,133634,139936,142526,137816
329,고속터미널(3),승차,15944477,1154523,1011943,1036447,1235704,1474935,1369944,1436149,1371087,1409595,1506190,1409889,1528071
329,고속터미널(3),하차,15520225,1181815,930741,1007250,1212565,1433054,1336554,1402838,1322085,1375698,1460907,1375116,1481602
330,교대(3),승차,4488506,334927,280924,322992,366729,404425,385259,386268,373856,384925,400429,422526,425246
330,교대(3),하차,2910688,215988,181697,209512,239052,262827,247886,250660,242524,251690,260130,276578,272144
331,남부터미널,승차,9513463,731371,630580,683056,771552,855519,811162,835966,804723,801492,848706,859010,880326
331,남부터미널,하차,9679121,756252,631554,695395,782158,871821,825230,849472,813746,812085,864724,880627,896057
332,양재,승차,11735115,940251,782340,875083,974672,1060729,995162,996280,959820,974599,1021600,1072032,1082547
332,양재,하차,12767721,1009461,846593,948860,1060146,1172155,1090347,1088254,1044475,1059409,1117843,1163641,1166537
333,매봉,승차,3841133,302906,252679,278753,316996,342107,330902,336056,322343,322682,329846,351474,354389
333,매봉,하차,3698423,290192,242407,266997,305074,332329,320523,323994,309725,308752,318065,337797,342568
334,도곡,승차,1672532,131405,110517,125017,141632,154318,147034,144723,137228,135431,142208,150132,152887
334,도곡,하차,1711522,133829,114211,129258,148029,159736,149258,145659,140566,142671,143231,150903,154171
335,대치,승차,3786142,306550,254650,275248,291394,328793,315011,339379,336447,331827,342882,337586,326375
335,대치,하차,3715666,298642,250275,271810,289141,321799,310948,329530,323945,324318,332454,337776,325028
336,학여울,승차,792394,48268,49594,62433,63117,84113,65571,67368,71937,63872,78459,67157,70505
336,학여울,하차,817436,48960,50901,66051,65325,86375,68102,68785,75103,65229,80521,69296,72788
337,대청,승차,3256195,246201,211531,240823,267368,290373,282125,278631,273413,277430,290248,298005,300047
337,대청,하차,3031890,231441,198555,222857,245259,267227,260410,259263,256593,257874,271280,279142,281989
338,일원,승차,3269159,241868,206754,237256,263226,289959,283043,280916,278642,281756,294047,305487,306205
338,일원,하차,3153327,235542,201849,229971,254727,278706,272276,271635,268149,270123,283384,293939,293026
339,수서,승차,5910648,445944,382751,421826,479327,527354,505218,510574,494794,504853,540896,543744,553367
339,수서,하차,5988655,455512,384416,428944,485421,533421,512400,517473,501174,509374,547564,551189,561767
340,가락시장(3),승차,2899529,229020,186999,213117,236711,257568,246532,247673,240842,245755,257346,264975,272991
340,가락시장(3),하차,2853223,224663,182340,208922,234819,253730,241694,240833,236635,243151,254664,262051,269721
341,경찰병원,승차,2303416,181899,152858,169892,186505,201756,195191,198451,194539,193434,202499,211750,214642
341,경찰병원,하차,2303416,182696,153691,170011,186071,200346,194509,198008,195728,192593,202184,211357,216222
342,오금(3),승차,1998915,153595,130167,145890,164713,178976,170041,171309,165968,168422,179218,188934,181682
342,오금(3),하차,1821149,139179,119355,135008,152823,163371,153399,155402,151199,154050,163846,167892,165625
409,당고개,승차,3328266,331508,286016,294729,255810,281359,259223,265025,258262,265728,278535,275733,276338
409,당고개,하차,3035919,306225,265551,273822,233488,253519,233293,240494,233501,239171,253499,250364,252992
410,상계,승차,6311454,483299,412493,479810,539824,585001,539940,537804,514788,533762,561326,562321,561086
410,상계,하차,5881820,455333,389833,448361,499540,536356,500064,498854,481871,497853,523132,525561,525062
411,노원(4),승차,6356226,498307,423926,481299,525919,584289,536704,542359,521052,532497,567950,562405,579519
411,노원(4),하차,7176375,552401,470285,537473,593214,658955,606595,615137,589617,607728,643709,640552,660709
412,창동,승차,8476125,666162,571704,649690,701700,771594,723152,729021,698688,714631,750481,748509,750793
412,창동,하차,8955095,705283,603989,686912,741260,810901,762772,769864,740005,757555,791619,791070,793865
413,쌍문,승차,9517408,745606,638509,726072,797683,863180,806457,803744,777422,800697,844422,850678,862938
413,쌍문,하차,8778861,689609,594031,671116,727802,783574,737066,743078,723196,741575,778214,787181,802419
414,수유,승차,11247865,870876,754871,860806,933658,1016988,950343,953398,919185,954839,1006105,1004016,1022780
414,수유,하차,11247575,872885,757705,858304,929966,1009941,945133,953496,924776,955806,1002962,1006732,1029869
415,미아,승차,4937456,370014,323700,382234,415126,448374,419174,414012,400254,426759,447099,446001,444709
415,미아,하차,4762004,361243,317296,373239,399121,427784,401272,395194,384005,410574,429575,432430,430271
416,미아사거리,승차,9037015,706265,606807,687902,755042,823179,769834,778561,742389,757400,804004,791982,813650
416,미아사거리,하차,8794536,688805,592058,669348,730543,791389,743977,756501,723702,738412,780988,775542,803271
417,길음,승차,6895751,507191,429995,507745,571408,644147,591332,576993,552866,609698,636411,642583,625382
417,길음,하차,6804837,498395,427937,504545,559441,629486,576706,558777,540421,610965,635435,645304,617425
418,성신여대입구,승차,6935713,517545,440779,532633,575673,639841,580497,571983,545914,613849,641654,640967,634378
418,성신여대입구,하차,6669603,501104,430148,510742,549806,609769,556197,551568,534539,586063,612064,612742,614861
419,한성대입구,승차,4626386,332253,287321,344976,390687,440326,390619,372177,364159,420812,435682,434921,412453
419,한성대입구,하차,4502739,324955,284339,339013,383471,429146,381434,362841,351101,405408,422289,419285,399457
420,혜화,승차,11587702,855994,717762,812551,907799,1051992,943210,997529,967424,1005980,1091896,1104545,1131020
420,혜화,하차,11673099,853710,715934,810776,919500,1073360,960719,1010074,981347,1014433,1099665,1104667,1128914
421,동대문(4),승차,6194584,453279,387888,468630,521984,572905,546584,547421,493300,511060,572865,555294,563374
421,동대문(4),하차,6350900,467288,400956,484222,532250,587551,558404,561335,503726,519731,585324,567821,582292
422,동대문역사문화공원(4),승차,5211005,380745,320752,366878,395093,445860,434287,452586,438942,442485,509460,490481,533436
422,동대문역사문화공원(4),하차,4652779,347051,292139,339455,360738,404130,391037,402814,387208,388432,446410,428954,464411
423,충무로(4),승차,8405484,599615,514563,644798,713099,757126,703512,674058,652819,757105,771611,820568,796610
423,충무로(4),하차,8770094,616151,531067,659434,735022,799569,744854,713775,691612,792594,809405,847733,828878
424,명동,승차,7373233,468570,375702,456435,537801,618929,583234,589916,589772,658351,784712,790704,919107
424,명동,하차,7774319,485661,388747,472688,564751,652032,612664,614573,619825,694992,833915,829806,1004665
425,회현,승차,7961408,587008,475014,560378,647463,729503,684006,685094,634787,656855,748487,749732,803081
425,회현,하차,8309207,620848,498483,594116,690317,770700,717240,704279,654668,684050,774833,773290,826383
426,서울역(4),승차,3625405,263604,218652,245317,282683,321445,310015,319154,308211,312884,341661,352569,349210
426,서울역(4),하차,6090248,418726,338008,367739,458079,553649,530165,542166,527064,524520,605705,603667,620760
427,숙대입구,승차,4584713,314909,273441,343970,377119,418826,385037,377260,363180,414808,444287,444405,427471
427,숙대입구,하차,4411330,309018,267117,332737,363091,406857,370852,363744,352274,393867,416669,425508,409596
428,삼각지(4),승차,1787525,124746,104495,118237,135475,160190,157565,151611,151113,150853,170128,177844,185268
428,삼각지(4),하차,2095673,140896,118690,135989,158552,188929,187351,177118,176806,180909,206749,206570,217114
429,신용산,승차,5582588,411999,338452,372281,418908,496681,486748,502894,493098,472610,519555,523148,546214
429,신용산,하차,5854129,434689,353407,390322,442629,528477,515991,527737,517698,495260,542974,540290,564655
430,이촌,승차,2956854,197236,166371,177381,213062,282318,268199,275540,284062,228986,285701,283918,294080
430,이촌,하차,3240877,216938,183300,196959,237455,312016,289859,299558,306167,253146,319847,309409,316223
431,동작,승차,671976,46026,43614,52442,66358,69077,64359,51561,52025,58785,65656,56134,45939
431,동작,하차,786432,56311,52087,63238,78893,80550,72625,59728,61242,67358,74129,64982,55289
432,이수(총신대입구),승차,6247036,483787,408223,465449,519584,569561,535353,538255,514909,530658,560671,560534,560052
432,이수(총신대입구),하차,6794580,525128,444404,504334,560998,616940,580298,583202,558575,577138,612682,615215,615666
433,사당(4),승차,8764596,647791,545787,617107,725769,808875,756806,753701,711352,740760,807583,814864,834201
433,사당(4),하차,7542600,543708,460391,527067,616375,701804,659096,644640,604088,642704,703395,705460,733872
434,남태령,승차,447191,30874,25948,30155,36766,42293,39539,38775,38900,39269,41881,41717,41074
434,남태령,하차,370709,26136,22225,25453,28843,33800,33336,33571,32724,31332,33599,34322,35368
2511,방화,승차,2207871,169178,144399,164477,182551,200205,189756,193654,186558,186370,195130,196421,199172
2511,방화,하차,2123336,164770,140197,159279,174593,191280,182422,185674,179131,178076,187272,188460,192182
2512,개화산,승차,1844756,140795,122893,139332,152724,165676,159898,160052,154858,155552,162324,164886,165766
2512,개화산,하차,1765214,136797,119563,134864,146545,157223,151747,152171,147447,148383,154777,157324,158373
2513,김포공항(5),승차,2718055,217397,193136,190148,214473,243530,235908,254328,240837,221807,241290,221624,243577
2513,김포공항(5),하차,2660294,213699,182769,185558,212490,243416,233800,248678,232638,217524,236934,215760,237028
2514,송정,승차,2171544,170069,146102,164196,181233,195515,187139,188584,181752,182386,191594,188402,194572
2514,송정,하차,2038162,160854,140896,157113,170332,183368,174475,175451,168844,169353,178904,176454,182118
2515,마곡,승차,3315602,263805,223525,249121,269092,291593,279600,287606,279198,275391,288157,300506,308008
2515,마곡,하차,3334686,259550,221023,249558,271597,294784,282040,291572,282414,280503,290741,301632,309272
2516,발산,승차,6598237,506717,433353,494871,538550,588447,561736,567623,549054,548436,583597,604093,621760
2516,발산,하차,6870656,515061,440514,505203,560845,617179,588511,597085,576375,578285,614291,626712,650595
2517,우장산,승차,4726641,358457,303856,354772,394064,430346,406374,406941,395052,403862,419829,424976,428112
2517,우장산,하차,4655956,359430,305561,351173,385323,418117,396936,399798,390530,396463,412539,418634,421452
2518,화곡,승차,9316040,719400,618567,702615,770979,833304,790229,802316,779678,788144,829686,833715,847407
2518,화곡,하차,8657081,676917,585694,659921,713684,766864,730621,740909,722914,727175,766583,777055,788744
2519,까치산(5),승차,9467213,740832,637018,719578,786137,849259,808077,816167,790638,794717,835738,839157,849895
2519,까치산(5),하차,9022010,718858,623687,693978,745100,799377,763770,772461,749853,748841,791080,802419,812586
2520,신정,승차,4456740,346313,298269,337186,371143,400396,383210,385965,370494,377082,392650,395808,398224
2520,신정,하차,3671179,288096,250824,280372,303801,324215,313954,315925,305358,309232,322350,326248,330804
2521,목동,승차,5418533,421144,358771,402665,446304,487907,468693,466732,452551,462865,485107,484211,481583
2521,목동,하차,5740882,453101,385215,430177,471370,510750,492111,490040,478446,485966,510577,517717,515412
2522,오목교,승차,7092081,564129,477065,521803,576606,632180,600247,621224,604648,596538,622652,624601,650388
2522,오목교,하차,7529947,597351,503517,554037,614915,673348,638487,658945,641217,635946,659092,665262,687830
2523,양평(5),승차,2315189,185098,155165,175644,193745,204013,196409,199738,195959,194075,199631,206268,209444
2523,양평(5),하차,2274921,185417,155814,173370,189322,198208,192956,197208,192438,189757,193538,200559,206334
2524,영등포구청(5),승차,1330325,101283,86831,98515,108957,116156,112372,112401,115346,112272,118076,124116,124000
2524,영등포구청(5),하차,1335252,102469,87362,99953,110029,118254,114265,113877,112994,113450,117805,122654,122140
2525,영등포시장,승차,3403578,260911,224047,249124,278184,299010,289784,294048,285253,283755,309222,309139,321101
2525,영등포시장,하차,3513831,269277,232020,256566,286248,308046,300215,303708,293359,294383,319040,318565,332404
2526,신길(5),승차,1371934,103079,88118,100256,112684,119845,116040,120470,117255,114901,126466,125740,127080
2526,신길(5),하차,1450744,112251,97421,108035,117984,124478,121853,126003,122588,120386,130434,132897,136414
2527,여의도(5),승차,8764878,680782,566259,626087,729324,748413,717139,752062,763007,709116,770092,830107,872490
2527,여의도(5),하차,9204720,700945,578047,653276,776022,811999,771030,803491,805109,764862,809436,845107,885396
2528,여의나루,승차,4446934,225117,190355,264055,551406,529710,357100,358046,363007,444142,443048,384657,336291
2528,여의나루,하차,5101598,252209,218948,297448,618458,574897,397491,405137,409660,476061,564585,448489,438215
2529,마포,승차,4470340,349306,293487,328510,369483,393041,379905,382520,374020,367090,400809,405387,426782
2529,마포,하차,4562744,356675,300274,335660,377911,401652,388429,391557,382530,374452,403412,411086,439106
2530,공덕(5),승차,4375190,332349,276088,313855,357928,387831,376775,382726,370286,368445,391349,404592,412966
2530,공덕(5),하차,4604736,349980,290163,329740,379944,409558,397062,401247,390186,388592,408449,425037,434778
2531,애오개,승차,2117947,164971,139805,158737,176081,187401,180116,184736,177626,178122,185342,192120,192890
2531,애오개,하차,2108716,166152,142743,159740,176136,186676,178182,183226,176367,174976,181647,190509,192362
2532,충정로(5),승차,1414743,110999,93555,107759,119908,125121,118077,118111,119575,120448,122647,128483,130060
2532,충정로(5),하차,1427554,112256,94907,108344,121066,126493,119145,118368,119741,122293,122952,130725,131264
2533,서대문,승차,5865455,437137,365242,422858,480278,523924,498207,497860,489872,510062,523004,559951,557060
2533,서대문,하차,5893647,442101,365114,423634,480469,531651,502766,501399,492338,512764,524623,557698,559090
2534,광화문,승차,9886572,708633,583465,663250,751716,862372,822274,837989,893012,870671,956772,930819,1005599
2534,광화문,하차,10251164,727329,592635,691076,786366,908793,869594,881792,920645,899717,986655,952355,1034207
2535,종로3가(5),승차,4591418,340098,278979,310003,360434,421672,391598,395085,377311,384849,446323,425879,459187
2535,종로3가(5),하차,4524461,329627,273149,307657,363989,417516,386147,389269,373840,387633,435503,413455,446676
2536,을지로4가(5),승차,1909780,145018,121202,140259,157179,168618,161509,161084,158927,161596,173375,179099,181914
2536,을지로4가(5),하차,1965846,148631,122185,142773,161022,174901,168494,167237,164549,167421,178459,180768,189406
2537,동대문역사문화공원(5),승차,898960,70551,56876,63914,68117,72561,72881,79174,80776,77200,80996,86466,89448
2537,동대문역사문화공원(5),하차,1050428,81909,65793,74475,80472,87582,86465,92502,93629,90190,94353,98577,104481
2538,청구(5),승차,1275875,99944,87236,98670,107204,115746,108991,108116,103696,106183,112127,113183,114779
2538,청구(5),하차,1168803,91799,79445,89569,96458,103698,99210,100359,97103,97463,103602,103858,106239
2539,신금호,승차,2070762,157212,135297,156665,173787,188369,179639,177890,169762,175922,183282,184989,187948
2539,신금호,하차,2156064,164434,143337,163349,179731,193580,185546,183985,177326,182166,192207,194810,195593
2540,행당,승차,2647502,204546,173354,195247,217492,237507,227463,229299,222336,224178,236123,237928,242029
2540,행당,하차,2348151,185146,157635,175787,191752,206975,199588,202227,197574,197798,207820,211442,214407
2541,왕십리(5),승차,1520541,122076,103925,116002,126550,135425,129013,130821,125199,125983,132148,132959,140440
2541,왕십리(5),하차,1765948,137199,116290,131953,147796,162067,151207,154166,146225,146213,153396,154227,165209
2542,마장,승차,1891025,149185,120143,142192,155597,169423,157610,157274,153686,162636,170396,172879,180004
2542,마장,하차,1783022,142024,113136,134574,146643,159179,148243,146247,143096,153564,160103,164379,171834
2543,답십리,승차,5332540,419387,355238,402646,435485,469234,449731,459378,454431,452715,468988,475908,489399
2543,답십리,하차,4897308,389303,333161,374191,398383,426378,409941,418678,416756,413127,427325,440534,449531
2544,장한평,승차,5981355,467269,399650,449128,489459,522810,504435,517485,501625,504035,531097,540336,554026
2544,장한평,하차,5918425,465681,401137,445816,482496,511586,499338,512507,496180,497542,523185,533067,549890
2545,군자(5),승차,3733753,292048,248295,282038,307148,333387,317680,317548,307617,311921,334325,333837,347909
2545,군자(5),하차,4111446,319219,273182,310777,338733,368841,349977,349903,338834,342026,365490,370225,384239
2546,아차산,승차,5049613,382925,329636,390923,448899,484773,427422,415805,399498,429613,464099,439624,436396
2546,아차산,하차,4873792,373954,322995,380326,433924,462299,409196,399590,386607,411627,448170,424865,420239
2547,광나루,승차,4514006,336065,287136,329901,376085,416742,387621,381278,374145,384867,416208,414634,409324
2547,광나루,하차,4162587,309642,265332,304629,344755,381071,355131,349201,344817,355857,385816,387727,378609
2548,천호(5),승차,6246319,491557,416214,461330,508477,566651,533393,548519,526080,520038,556837,542683,574540
2548,천호(5),하차,6173224,479514,405858,453330,505268,562630,527527,542566,519495,519267,551872,542204,563693
2549,강동,승차,6049299,472106,405577,459445,502055,538477,514678,523841,508558,503039,536469,537776,547278
2549,강동,하차,5815229,453658,392341,443050,481446,513854,494091,501278,491123,484176,517739,518529,523944
2550,길동,승차,2629951,209835,177601,200896,215559,234471,224433,229437,221164,220118,230684,226462,239291
2550,길동,하차,2731199,220002,186998,209164,222474,240439,230608,236597,230262,228258,238397,238804,249196
2551,굽은다리,승차,3166813,247499,209315,235457,259073,286660,271987,281882,266114,265416,277159,273529,292722
2551,굽은다리,하차,3017696,236168,200707,223802,242052,271453,258976,269131,255940,251392,264168,262623,281284
2552,명일,승차,2860896,219746,186062,213175,238268,261780,248407,248145,235161,241135,255273,254784,258960
2552,명일,하차,2941315,228358,194390,219074,243273,265498,253982,253296,244246,247555,261198,264950,265495
2553,고덕,승차,3122863,234024,197877,232402,256940,283179,266920,272681,261551,265202,280505,282074,289508
2553,고덕,하차,3100983,236401,201021,231396,252699,278955,262949,269802,260833,262205,277608,283198,283916
2554,상일동,승차,4786623,386157,317464,355853,396061,433514,413901,417249,400796,403148,417453,416997,428030
2554,상일동,하차,4466403,358965,300631,336579,367779,399593,379099,384501,373041,372710,391563,398048,403894
2555,둔촌동,승차,2749160,222715,188069,213322,228656,243127,228151,230032,223019,226957,241886,246116,257110
2555,둔촌동,하차,2756120,223167,190787,213191,227063,240669,228326,231281,223706,226645,241598,249191,260496
2556,올림픽공원(5),승차,1562832,106104,88523,105331,124392,144800,133531,124474,134201,148442,159985,144639,148410
2556,올림픽공원(5),하차,1391866,92674,77513,91976,109468,130987,118982,105524,120575,136955,147884,127319,132009
2557,방이,승차,2348024,186951,156882,175555,192327,208474,201409,201632,195723,198846,208701,206997,214527
2557,방이,하차,2401070,190890,161264,179946,195246,211896,204791,207263,201719,202039,212039,213918,220059
2558,오금(5),승차,1177726,90227,76513,90980,99744,106709,101202,100670,97430,99371,103248,105781,105851
2558,오금(5),하차,1176460,90348,76027,89782,99338,107298,102082,100322,97060,99569,103112,105715,105807
2559,개롱,승차,2080251,158792,136746,155238,171615,187945,179920,182046,173445,177117,185171,185763,186453
2559,개롱,하차,2169911,168210,144811,162627,178368,192932,185804,188195,181177,184340,192392,196383,194672
2560,거여,승차,3239243,231439,201404,244215,272746,300617,284776,282592,270266,277921,288864,287846,296557
2560,거여,하차,3095011,220320,193790,234184,258439,283527,271797,268754,258714,263990,276435,281481,283580
2561,마천,승차,2364406,174515,151141,176434,195768,215226,205291,203286,194923,202936,214208,214627,216051
2561,마천,하차,2301096,175071,151982,174115,189600,206151,197660,196588,189691,195703,207835,208969,207731
2562,강일,승차,1496937,99935,85942,100725,115031,131790,128787,127520,125186,134624,147645,147347,152405
2562,강일,하차,1417169,97714,84370,95632,107700,122053,124134,123178,120658,126925,136680,138561,139564
2563,미사,승차,5417160,416316,348485,394928,444623,486865,464265,469874,455214,461698,492482,483455,498955
2563,미사,하차,5453599,413435,349904,395591,443312,484606,467655,475157,462251,466653,496923,494359,503753
2564,하남풍산,승차,1383209,106863,90395,104707,115807,125461,118449,120528,115073,116546,120987,120799,127594
2564,하남풍산,하차,1373787,108695,91285,104601,113888,121906,117210,119793,114084,114822,118932,120901,127670
2565,하남시청,승차,2349364,168829,145259,169179,191272,214641,202539,204993,194913,205666,217814,213706,220553
2565,하남시청,하차,2277558,165135,142662,166229,184764,204977,197706,197533,188000,197660,210832,208593,213467
2566,하남검단산,승차,2081112,152563,130177,147542,168392,190665,179696,183664,174847,181162,192115,184336,195953
2566,하남검단산,하차,2005326,149121,127954,143882,162483,181987,172215,176265,167905,173640,184031,178284,187559
2611,응암,승차,5763180,448267,385234,436294,485668,517301,491113,493749,474511,484852,512999,512674,520518
2611,응암,하차,5699011,449325,388101,434447,479953,503733,482337,487737,470674,475597,504598,507377,515132
2612,역촌,승차,1237965,97573,85782,94561,99344,108148,104480,108955,106310,104339,108415,108937,111121
2612,역촌,하차,1432844,114780,101441,110901,116093,125083,121290,119410,120012,120483,126309,127468,129574
2613,불광(6),승차,1493725,113501,98776,109643,122890,134356,128395,134220,129070,125429,132941,129416,135088
2613,불광(6),하차,1442205,109201,94213,106360,119330,130088,125808,129745,123477,122308,128565,125512,127598
2614,독바위,승차,912538,69963,59908,68164,75560,81194,78586,80599,76742,78697,81336,80676,81113
2614,독바위,하차,971767,75841,64932,74374,80857,86240,83548,84889,81394,83143,86642,85312,84595
2616,구산,승차,2531595,190576,164881,190411,209539,225646,217867,218889,210868,217351,226583,228430,230554
2616,구산,하차,1894492,146016,127746,143508,152926,162109,159567,166245,162004,161500,168692,170134,174045
2617,새절,승차,4170124,318255,272970,316646,357492,381604,357705,352068,338158,353194,372468,375522,374042
2617,새절,하차,3894060,301603,260179,300124,333465,353586,331113,325662,314426,327649,346229,351016,349008
2618,증산,승차,3305194,257931,221715,251604,279094,299303,280891,281842,270663,278243,294337,294028,295543
2618,증산,하차,3279292,259603,223567,252455,276521,294147,275931,277635,267940,275824,291934,292019,291716
2619,디지털미디어시티(6),승차,4483091,331170,280170,322693,359184,399946,392209,394404,380393,392429,404396,415591,410506
2619,디지털미디어시티(6),하차,4874036,363111,306134,347568,387181,430704,420115,427459,419585,427734,438494,453638,452313
2620,월드컵경기장,승차,1921632,107537,95420,141401,142676,181203,190820,170509,146729,192840,259153,159473,133871
2620,월드컵경기장,하차,2085500,110714,97998,155803,147311,192199,225212,195218,152672,211878,277236,177952,141307
2621,마포구청,승차,4681815,360487,310854,351925,378129,413951,399186,404786,393792,400116,425345,421719,421525
2621,마포구청,하차,4181568,330193,286314,317927,335996,363643,352945,360469,352351,353162,373421,376912,378235
2622,망원,승차,4808083,386099,322547,358423,396047,429182,401274,411204,403701,407889,434284,421433,436000
2622,망원,하차,5162190,415890,346966,382548,424936,461197,430366,441648,435660,439794,463121,451206,468858
2623,합정(6),승차,4609569,355158,301353,336313,376017,417048,395584,409356,387672,386160,417456,403988,423464
2623,합정(6),하차,4500163,336297,284537,327094,367759,409329,388202,399449,380934,383619,411249,397071,414623
2624,상수,승차,3157557,229640,195458,231229,246321,279024,260066,269746,262219,280475,301947,295042,306390
2624,상수,하차,3644953,253595,216936,255935,287113,324443,303798,315410,307396,329430,350393,343664,356840
2625,광흥창,승차,2902447,221879,187825,215178,237237,261412,250736,254840,248115,246023,256136,260150,262916
2625,광흥창,하차,2797755,216780,184453,209518,226859,248455,240828,243915,238679,234989,244799,252256,256224
2626,대흥,승차,2806940,197409,170453,206328,225392,250915,236158,237057,226999,257476,265571,271800,261382
2626,대흥,하차,2887937,203063,177080,212742,231090,256539,240276,242358,232368,265744,273346,282718,270613
2627,공덕(6),승차,5788720,444090,374068,420730,471554,515869,493802,501528,485970,487282,521751,533972,538104
2627,공덕(6),하차,5614270,425653,360597,404962,455853,500031,475851,483207,473862,474445,511036,525344,523429
2628,효창공원앞,승차,2351542,173347,147833,172835,194152,214552,201216,197119,192690,205628,222729,218257,211184
2628,효창공원앞,하차,2154326,157622,136004,161710,177879,194304,180688,175231,171554,191849,207569,203852,196064
2629,삼각지(6),승차,2405335,160291,132872,156914,183454,225332,219203,214012,207219,214153,242002,226181,223702
2629,삼각지(6),하차,2021014,141142,116391,135602,156211,188332,183122,176062,170183,173747,191703,191472,197047
2630,녹사평,승차,1764451,126265,105648,123373,144970,165584,152065,153354,148545,157211,189142,145564,152730
2630,녹사평,하차,1791358,126877,106976,125318,148478,170880,155703,158517,152319,163065,183850,143871,155504
2631,이태원,승차,4069141,279730,236128,279772,329682,383357,357237,369441,359650,373594,485456,298962,316132
2631,이태원,하차,4437488,279597,237266,283203,364213,426481,397153,416099,402029,428021,567997,305911,329518
2632,한강진,승차,3023938,244315,192198,204943,231018,270373,253241,265471,247792,270087,316465,259685,268350
2632,한강진,하차,3501848,274220,217268,238848,276501,320472,298440,307222,288833,318133,363738,292862,305311
2633,버티고개,승차,701798,50540,43437,50328,57779,65241,60754,59893,58184,61602,65264,64880,63896
2633,버티고개,하차,706244,53540,45805,51767,57523,63645,60494,60570,59599,60962,64242,63796,64301
2634,약수(6),승차,1174405,90002,77745,88165,97065,105157,100962,103013,98872,98319,104260,104368,106477
2634,약수(6),하차,1176850,90573,77734,87562,97611,106207,101668,103416,98739,97131,103917,104070,108222
2635,청구(6),승차,1190418,92694,80791,90969,98498,103972,98827,101418,99637,101136,107202,106948,108326
2635,청구(6),하차,1229226,97280,85542,97583,103997,108339,102389,103665,100772,103287,107714,108598,110060
2636,신당(6),승차,2715690,211214,178746,196354,229909,244311,230206,226363,223428,233589,245410,239110,257050
2636,신당(6),하차,2785602,214462,184286,205291,234622,250360,237321,234302,227469,238767,252021,246557,260144
2637,동묘앞(6),승차,2776955,211148,184664,208109,229332,253913,235361,236593,224056,237089,257404,249892,249394
2637,동묘앞(6),하차,2799270,211482,184831,208491,230071,256650,236435,238488,225901,241639,259896,254441,250945
2638,창신,승차,1149628,85133,72019,87075,96425,104965,99377,97035,94026,99630,104167,105904,103872
2638,창신,하차,968420,71440,60016,74105,80645,87832,83094,79498,77669,85554,88769,91449,88349
2639,보문,승차,2485392,183249,160384,184507,200830,222339,210924,215617,205388,216616,227159,228648,229731
2639,보문,하차,2265785,169333,149617,171004,182724,200963,190408,194213,186210,196566,207216,209630,207901
2640,안암,승차,3925202,242178,214351,316139,339256,395709,322206,294932,283719,382395,377321,400683,356313
2640,안암,하차,3956008,240127,215127,315363,338547,415940,321981,291218,284444,385291,388170,405167,354633
2641,고려대,승차,2779981,191370,169250,204663,226677,259824,229622,226275,216437,258317,267632,272696,257218
2641,고려대,하차,2697203,185201,168651,201383,221167,249247,221912,217389,208405,250826,258484,265730,248808
2642,월곡,승차,3892195,287308,246373,296078,322895,356127,321511,320850,311441,351238,361900,365714,350760
2642,월곡,하차,3785488,285837,245476,293152,313264,341002,312558,313581,305819,336993,345738,352114,339954
2643,상월곡,승차,2098996,156316,133157,157844,172216,189713,178236,176794,170653,185810,191191,196243,190823
2643,상월곡,하차,1909181,140368,120788,143725,155732,173144,160914,157602,152865,172189,176072,182487,173295
2644,돌곶이,승차,3131110,236958,203174,235887,256847,280276,263278,263774,257597,268987,281819,289112,293401
2644,돌곶이,하차,2897477,222534,192072,221041,236746,257271,241382,243411,238118,247202,259066,267011,271623
2645,석계(6),승차,4056568,308288,266021,311133,338373,369935,341473,341205,331940,348277,362648,368636,368639
2645,석계(6),하차,4217800,319028,277135,325060,351277,382476,353165,352416,343298,365208,379450,386464,382823
2646,태릉입구(6),승차,1901668,140180,120746,140622,154773,196262,161138,158513,154544,161673,170792,171212,171213
2646,태릉입구(6),하차,2087594,151593,130673,153746,169990,224582,176323,169147,163930,179609,189712,192533,185756
2647,화랑대,승차,3865612,285886,244206,291671,325340,359460,322093,314568,300361,345643,358364,367887,350133
2647,화랑대,하차,3036253,228347,197476,232800,256057,281001,252212,247150,237054,269170,279167,284908,270911
2648,봉화산,승차,2892455,224112,191412,214552,237797,259292,246545,249572,241276,246684,256823,261819,262571
2648,봉화산,하차,2744821,213604,182130,205228,224866,243942,233283,237418,229361,232831,244460,247930,249768
2711,장암,승차,778513,55809,48779,55213,64351,70746,65573,70529,66309,67933,70689,73023,69559
2711,장암,하차,356553,24687,21504,24646,30048,32598,30065,34450,31730,31095,33323,32332,30075
2712,도봉산(7),승차,3079414,226287,198889,231624,264054,290510,264384,256804,244787,268476,287423,283851,262325
2712,도봉산(7),하차,3643680,272831,235932,278870,315911,342822,312258,303497,287148,316683,343369,330284,304075
2713,수락산,승차,4275288,328324,282835,319438,355970,390302,364839,375058,355595,361907,380872,378629,381519
2713,수락산,하차,4197425,323034,277991,313746,345989,377692,357894,370323,353763,355348,373989,373272,374384
2714,마들,승차,4236841,323667,278196,316507,347507,379006,361473,367299,356052,362977,376887,380984,386286
2714,마들,하차,3975550,312041,269204,302452,325027,351058,338562,343027,333545,337635,349937,354618,358444
2715,노원(7),승차,6572267,517533,447051,493347,524180,578956,552646,583624,558702,549366,579670,574366,612826
2715,노원(7),하차,6874474,531219,455431,509877,552411,619678,581765,612315,583516,578708,608845,603618,637091
2716,중계,승차,4706005,349675,301062,355300,396059,430214,403117,404015,384376,404460,422238,430292,425197
2716,중계,하차,4273419,321010,276007,326633,359861,388912,366329,364085,348067,365681,382875,390415,383544
2717,하계,승차,5842457,442709,377128,439765,491803,532576,496576,501259,479216,494536,525492,527436,533961
2717,하계,하차,5474646,418172,357550,415355,458451,494555,464329,468551,449177,461170,492138,494838,500360
2718,공릉,승차,4006107,296362,262552,319616,349895,375967,333478,333903,314022,342837,355901,366164,355410
2718,공릉,하차,3961031,296534,263981,315539,342290,368349,328863,329524,312192,339355,351740,360766,351898
2719,태릉입구(7),승차,3001316,217324,187826,218594,246879,310493,252709,245797,235583,262225,273403,279507,270976
2719,태릉입구(7),하차,2833017,204138,178146,208478,233724,301922,237113,230114,221494,246615,255861,261179,254233
2720,먹골,승차,3355371,262636,226769,257997,276648,305328,282796,289215,279101,281769,294202,295045,303865
2720,먹골,하차,3273464,258366,225006,251746,267189,289944,275423,282726,275063,274737,287063,288551,297650
2721,중화,승차,3519257,274772,238345,269174,294490,323967,296088,300963,289210,294240,308750,313514,315744
2721,중화,하차,3428341,270544,235011,264785,284830,309298,287662,292849,281367,286886,299688,307811,307610
2722,상봉(7),승차,5582664,439070,374986,417891,460730,502470,474690,481365,463895,467306,496058,493891,510312
2722,상봉(7),하차,5305574,415846,353711,393276,433283,472391,449304,458421,443806,448249,474700,473616,488971
2723,면목,승차,5115659,392114,338063,405548,439559,470122,430078,421048,408370,436803,459478,462602,451874
2723,면목,하차,4954161,385088,333616,395907,422832,449958,414885,406122,396423,422042,442624,447605,437059
2724,사가정,승차,5305629,412774,356249,404079,443756,481074,450099,451415,435996,447864,471662,474783,475878
2724,사가정,하차,5268749,412663,357308,406181,441013,473185,444802,445988,431361,443846,466471,471390,474541
2725,용마산,승차,1986351,154585,133663,152257,168867,181362,168225,170553,164061,167968,176225,175652,172933
2725,용마산,하차,1949376,154214,133573,150219,165181,176240,164031,165938,160219,165783,174702,172060,167216
2726,중곡,승차,3530390,270511,232977,270125,293810,316116,303022,301908,292872,301279,313972,314470,319328
2726,중곡,하차,3299940,258588,223959,254342,271534,291084,281147,282798,275881,279110,290558,292205,298734
2727,군자(7),승차,4936822,385349,330214,371721,406457,437560,419551,427174,413682,413851,435307,443788,452168
2727,군자(7),하차,3904941,309574,268301,297356,320716,343300,331261,337465,328886,325222,341093,347208,354559
2728,어린이대공원,승차,4968376,315834,276097,361447,423876,486110,413104,369525,374734,491798,498311,506761,450779
2728,어린이대공원,하차,5020971,309880,277433,366701,435428,496643,415722,364510,374304,504491,509957,515219,450683
2729,건대입구(7),승차,4416330,331121,277664,327899,360596,398230,377531,380283,365355,381865,394386,404143,417257
2729,건대입구(7),하차,4631017,341520,286218,341006,381486,429678,394565,396118,380897,400494,414835,424588,439612
2730,뚝섬유원지,승차,3228739,192224,167815,219588,348467,396590,279441,272194,265430,331538,291746,241957,221749
2730,뚝섬유원지,하차,3106978,186658,164320,213114,338781,382392,265886,257558,251438,318291,280349,232325,215866
2731,청담,승차,6056985,465704,398620,451655,492936,531800,517074,527218,520375,514166,536059,558081,543297
2731,청담,하차,6756736,516752,442304,501266,552885,596985,579565,590370,576200,568691,593942,621276,616500
2732,강남구청,승차,5121558,404645,342955,380220,410921,438835,435314,441781,437316,432246,456279,473890,467156
2732,강남구청,하차,5682590,437211,375360,417027,458715,492331,486193,492488,485694,480319,509799,527319,520134
2733,학동,승차,7174455,574863,484758,546554,586499,624109,608361,620317,611441,593397,616886,657300,649970
2733,학동,하차,7611807,605100,511361,578645,628889,669103,646555,656033,643287,628270,655732,695272,693560
2734,논현,승차,5894215,497085,418668,465933,507473,542429,492551,497325,485359,476673,492252,512478,505989
2734,논현,하차,6301187,536648,454229,503883,555530,593334,528312,531954,512164,501415,516868,534728,532122
2735,반포,승차,1975428,148091,125999,143178,159573,176047,169284,171664,167130,168621,179246,183556,183039
2735,반포,하차,1916104,141710,120684,138055,154557,170425,163788,167727,162761,165114,174258,178562,178463
2736,고속터미널(7),승차,5746813,421842,381245,386735,453010,529123,500944,508854,488551,496001,530033,525038,525437
2736,고속터미널(7),하차,4568026,351333,288628,316603,366769,414717,400547,403141,385848,391077,411142,416629,421592
2737,내방,승차,4552848,357373,302907,342633,369808,402305,385982,394031,383760,385929,396836,416578,414706
2737,내방,하차,4637907,363854,308945,350523,378410,412954,393353,401802,390342,390722,402583,422043,422376
2738,이수(7),승차,5270852,408491,348655,388365,428266,470264,459851,470508,432871,438150,462676,472437,490318
2738,이수(7),하차,5050649,393371,336092,374326,413424,455508,443623,456751,417149,416005,434388,446679,463333
2739,남성,승차,3656064,277943,238540,271476,299855,327155,312542,313610,305985,315610,329741,333140,330467
2739,남성,하차,3402591,261691,227842,255076,275957,299728,288021,289646,285273,293132,307458,311874,306893
2740,숭실대입구,승차,4382688,293102,248662,350512,385812,418230,366631,332677,319174,421018,419946,436689,390235
2740,숭실대입구,하차,4426575,298333,257721,358413,388332,421412,367829,335144,322717,428644,420855,438023,389152
2741,상도,승차,3721002,269913,228025,276696,300493,333298,311891,309201,299945,337961,346186,363586,343807
2741,상도,하차,3597065,261811,224353,271359,289664,321502,300208,294384,285832,327869,333280,354924,331879
2742,장승배기,승차,2979251,233147,201594,224855,240607,262114,252877,260016,253524,252476,262708,266746,268587
2742,장승배기,하차,2908116,228831,199409,220270,233298,252688,245548,253122,247187,245758,257357,262294,262354
2743,신대방삼거리,승차,5126173,420428,359909,412851,450048,481466,428894,429834,410765,415829,434873,441972,439304
2743,신대방삼거리,하차,4886885,405160,350300,397823,426787,456388,406031,407965,391199,393988,412822,421341,417081
2744,보라매,승차,2764680,242215,206861,241371,268775,289656,228892,219525,207185,208890,217627,218524,215159
2744,보라매,하차,2766604,240301,206285,239033,266661,287746,228158,219932,207275,209894,219430,222313,219576
2745,신풍,승차,3856501,297881,255064,289528,319150,346237,332057,338711,322822,325770,341053,343522,344706
2745,신풍,하차,3672463,284990,245519,279370,304476,329277,317636,322633,307555,307068,322733,324844,326362
2746,대림(7),승차,2850536,225571,184862,203586,220732,250863,243419,250591,244696,251965,260808,251920,261523
2746,대림(7),하차,2868296,226286,184911,204350,222907,251577,244595,253744,245685,253141,262421,254157,264522
2747,남구로,승차,4860151,393136,335535,372330,396601,425623,411641,420293,413492,413024,418779,431442,428255
2747,남구로,하차,5086653,411168,350956,389436,417541,447319,432229,441463,429173,429587,436614,451690,449477
2748,가산디지털단지(7),승차,13017955,1065138,888420,993081,1073233,1132911,1095797,1127732,1094799,1076629,1102835,1187950,1179430
2748,가산디지털단지(7),하차,12908623,1047650,878386,988191,1072699,1129291,1089209,1116312,1083488,1068010,1093083,1178035,1164269
2749,철산,승차,6914325,535420,448486,505420,565929,620236,589004,596890,571900,594083,622282,627388,637287
2749,철산,하차,7038927,546684,457858,515443,575905,629256,598046,606458,582502,605211,632598,638422,650544
2750,광명사거리,승차,7189992,581016,488888,555302,605554,649082,616246,619201,592766,602035,626008,623873,630021
2750,광명사거리,하차,7097255,576190,484584,548664,594823,636101,608022,612771,588556,594273,615872,615986,621413
2751,천왕,승차,3671757,283427,239502,273941,303748,327491,314855,316136,302823,313681,326632,336525,332996
2751,천왕,하차,3495495,270701,229551,262211,287158,309686,298818,301409,289970,299145,310849,321331,314666
2752,온수(7),승차,3303005,247541,211216,249785,283319,303566,283378,273024,263784,286257,296646,310208,294281
2752,온수(7),하차,3113032,231840,199122,236897,269617,289938,267370,253912,248056,270840,280722,290386,274332
2811,암사,승차,6107569,479110,406694,456470,504627,543706,518955,525136,511894,513338,542607,551317,553715
2811,암사,하차,5417783,433625,367140,409707,445983,476744,458496,465069,453107,453029,480346,483692,490845
2812,천호(8),승차,4910328,395434,334514,368590,405560,435899,416845,426281,410488,402562,430883,434536,448736
2812,천호(8),하차,5658793,453026,383927,424655,468995,507871,479764,491745,472489,463491,494934,496723,521173
2813,강동구청,승차,3318006,263986,224531,250452,271337,292435,280066,283755,274429,277275,290612,299306,309822
2813,강동구청,하차,3398714,274227,232965,258120,276804,296579,286989,291773,282283,281012,295948,305584,316430
2814,몽촌토성,승차,2099329,156925,133310,149711,175870,198305,174942,173205,169417,181059,206601,189000,190984
2814,몽촌토성,하차,2130660,158033,134081,150494,175535,200185,179453,177035,171541,184049,210984,192654,196616
2815,잠실(8),승차,5128512,394829,324937,346830,431165,432010,424940,462868,441351,414185,469356,451910,534131
2815,잠실(8),하차,5991935,454381,370861,398257,506642,522571,500296,540336,510141,489026,553771,526891,618762
2816,석촌(8),승차,2549499,204990,173670,192281,224401,225327,212468,218385,210446,206059,223916,223139,234417
2816,석촌(8),하차,2988587,237439,200861,222016,273500,263653,247503,253034,245031,242267,267351,261446,274486
2817,송파,승차,2725828,187345,160046,184141,219633,243368,237334,246844,238679,235681,249060,253466,270231
2817,송파,하차,2693458,192614,164651,186972,214824,235851,233154,242937,234614,230341,243774,248327,265399
2818,가락시장(8),승차,2489413,202176,162992,186559,206055,216938,209374,209746,205088,206086,219972,223446,240981
2818,가락시장(8),하차,2766952,222530,179229,206397,229775,244045,233399,234184,226320,229878,244599,249614,266982
2819,문정,승차,6400014,520161,436771,495513,534607,557755,540519,553921,542933,526501,540034,573467,577832
2819,문정,하차,6714594,544591,458992,517879,561452,588560,568243,581659,569490,553229,566522,600744,603233
2820,장지,승차,5626258,441532,370362,420961,465764,500788,477399,489821,469073,465790,495319,502532,526917
2820,장지,하차,5369259,428675,361713,410109,443955,474948,455934,469845,448287,438253,466493,472347,498700
2821,복정(8),승차,3090035,237110,199498,237268,267424,288421,267892,257518,246644,261552,275533,280881,270294
2821,복정(8),하차,2619116,202364,172456,203015,225271,244613,227680,218906,210960,219420,231343,236148,226940
2822,산성,승차,1778345,136829,114808,134282,152656,165410,154190,150731,144455,149323,161716,158937,155008
2822,산성,하차,1784749,137519,116044,135022,152934,165644,155091,151423,145704,150660,162425,159221,153062
2823,남한산성입구,승차,4627477,339553,290728,362482,407394,437683,396627,376349,365546,404974,419688,425403,401050
2823,남한산성입구,하차,4214437,312081,267959,336936,371672,399896,360664,336976,329224,367535,381925,387324,362245
2824,단대오거리,승차,3555775,268232,230712,277234,305003,328909,302080,293641,287082,300582,317074,315291,329935
2824,단대오거리,하차,3410029,262600,225369,264436,286421,309050,288815,286365,278507,285968,301753,302207,318538
2825,신흥,승차,1474658,112048,96666,106646,116745,127898,120689,126259,120935,118685,133371,141669,153047
2825,신흥,하차,1583405,121922,105592,114372,124988,137095,130293,136652,131443,128087,141989,149664,161308
2826,수진,승차,1789807,139322,119729,136290,149367,159473,153584,156317,150888,149197,155946,156967,162727
2826,수진,하차,1639688,127612,110245,125462,135862,144996,141454,142545,138265,136436,143028,144356,149427
2827,모란(8),승차,1619517,125819,105054,122492,139860,148277,139325,137633,134233,137038,143814,141570,144402
2827,모란(8),하차,1320268,99865,83701,99398,115965,121740,114352,112502,109975,112661,120187,114558,115364
2828,남위례,승차,1731563,96758,89108,111509,133806,153874,150578,152056,149059,159227,174879,180394,180315
2828,남위례,하차,1797820,104846,95066,117364,138756,159105,156553,157064,154164,163454,179694,186148,185606
4126,언주,승차,3347390,264361,222930,239097,263369,283122,284553,300826,291095,279969,295192,306535,316341
4126,언주,하차,596487,45872,38833,43037,47832,51287,50032,52199,51945,49798,52693,55633,57326
4127,선정릉,승차,3005614,229014,192133,215200,241377,263311,260855,266658,259633,258064,267774,280542,271053
4127,선정릉,하차,532901,40652,34655,38599,42942,46618,44927,47490,46445,44942,46900,49389,49342
4128,삼성중앙,승차,2179582,161343,135881,149949,167614,185877,188792,198037,191944,189566,192841,206637,211101
4128,삼성중앙,하차,424698,30963,26940,30305,33246,36473,36482,38546,37681,35974,37164,39634,41290
4129,봉은사,승차,5847280,403301,351482,377295,426011,496504,513132,578636,519565,491777,527411,551204,610962
4129,봉은사,하차,1016774,74610,63552,68279,76138,87313,86863,95218,90351,84392,90322,95024,104712
4130,종합운동장(9),승차,1513897,108949,91241,99829,118701,135012,126102,135766,152923,127123,134809,134266,149176
4130,종합운동장(9),하차,240158,16683,14534,16312,19079,21345,20012,21176,21035,20398,22557,22895,24132
4131,삼전,승차,2285691,179328,154492,170585,184125,198936,193859,201110,194903,190677,201239,204210,212227
4131,삼전,하차,544274,42627,37848,41322,43015,46658,45961,48132,47780,44308,46928,48823,50872
4132,석촌고분,승차,2055132,157309,134038,147568,164336,176136,173324,180463,177170,174495,184851,188699,196743
4132,석촌고분,하차,464909,34831,30717,33381,37108,39068,38963,40988,41227,38955,41553,43088,45030
4133,석촌(9),승차,2912289,218200,185701,207225,249057,257668,248514,251956,242932,246878,270335,264510,269313
4133,석촌(9),하차,585471,43540,38256,42373,48555,50394,48919,50904,50648,49082,53857,53299,55644
4134,송파나루,승차,1740584,136333,115598,126656,149617,149566,144854,154508,147802,142097,154280,150425,168848
4134,송파나루,하차,500023,37979,33290,36964,41650,43249,41365,44038,43206,41521,44181,44074,48506
4135,한성백제,승차,893228,64408,55797,61185,72064,79537,75837,76445,74343,79150,90264,81974,82224
4135,한성백제,하차,261521,19822,17351,18952,21309,23203,21823,21930,21714,22846,25833,23505,23233
4136,올림픽공원(9),승차,2538090,163091,131805,149867,187392,234619,219345,200410,220332,259188,273938,233146,264957
4136,올림픽공원(9),하차,498346,34406,28893,32515,39874,44540,41191,40569,43495,46981,49582,45345,50955
4137,둔촌오륜,승차,358371,23975,21905,28235,31432,32651,30976,30908,28865,30037,32579,32500,34308
4137,둔촌오륜,하차,117937,8098,7458,9678,10429,10772,10223,10236,9659,9904,10419,10500,10561
4138,중앙보훈병원,승차,3357519,249180,213731,240437,268999,295070,288903,294665,286957,289217,300488,317151,312721
4138,중앙보훈병원,하차,668049,48370,42486,49279,54774,59953,57423,58910,57410,56587,60378,61653,60826
